Cluster	EC1	EC2	EC3	EC4	EC5	EC6
1	0	0	0	0	1	0
2	0	0	0	0	1	0
3	0	0	0	0	1	0
4	0	0	0	1	0	0
5	0	0	0	0	1	0
6	0	0	0	1	0	0
7	2	0	0	0	0	0
8	1	0	0	0	0	0
9	2	0	0	0	0	0
10	1	0	0	0	0	0
11	1	0	0	0	0	0
12	3	0	0	0	0	0
13	3	0	0	0	0	0
14	1	0	0	0	0	0
15	0	1	1	0	0	0
16	0	1	0	0	0	0
17	0	1	0	0	0	0
18	0	1	0	0	0	0
19	3	0	0	0	0	0
20	1	0	0	0	0	0
21	0	1	0	0	0	0
22	0	1	0	0	0	0
23	3	0	0	0	0	0
24	0	0	0	1	0	0
25	0	1	0	0	0	0
26	0	7	0	0	0	0
27	0	1	0	0	0	0
28	0	2	0	0	0	0
29	0	3	1	0	0	0
30	0	1	0	0	0	0
31	0	1	0	0	0	0
32	0	1	0	0	0	0
33	0	1	0	0	0	0
34	0	1	0	0	0	0
35	0	0	14	5	0	0
36	0	0	1	2	0	0
37	1	0	0	0	0	0
38	0	0	0	1	0	0
39	0	0	1	0	0	0
40	1	0	0	0	0	0
41	0	2	0	0	0	0
42	0	0	1	0	0	0
43	0	0	0	0	1	0
44	0	0	0	2	0	0
45	0	0	6	2	0	0
46	0	0	0	9	0	0
47	0	0	0	1	0	0
48	0	0	0	1	0	0
49	0	0	0	1	0	0
50	1	1	0	1	7	0
51	0	0	1	0	0	0
52	0	0	1	0	0	0
53	2	0	0	0	0	0
54	1	0	0	0	0	0
55	2	0	0	0	0	0
56	1	0	0	0	0	0
57	1	0	0	1	0	0
58	1	0	0	0	0	0
59	1	0	0	0	0	0
60	3	0	0	0	0	0
61	1	0	0	0	0	0
62	1	0	0	0	0	0
63	1	0	0	0	0	0
64	1	0	0	0	0	0
65	2	0	0	0	0	0
66	1	0	0	0	0	0
67	3	0	0	0	0	0
68	1	0	0	0	0	0
69	5	0	0	0	0	0
70	2	0	0	0	0	0
71	1	0	0	0	0	0
72	3	0	0	0	0	0
73	3	0	0	0	0	0
74	9	0	0	0	0	0
75	11	0	0	0	0	0
76	143	0	0	0	0	0
77	1	0	0	0	0	0
78	6	0	0	0	0	0
79	1	0	0	0	0	0
80	2	1	0	0	0	0
81	1	0	0	0	0	0
82	10	0	0	0	0	0
83	1	0	0	0	0	0
84	2	0	0	0	6	0
85	8	0	0	0	0	0
86	6	0	0	0	0	0
87	1	0	0	0	0	0
88	2	0	0	0	0	0
89	0	1	0	0	0	0
90	0	0	0	2	0	0
91	1	0	0	0	0	0
92	9	0	0	0	0	0
93	4	0	0	0	0	0
94	2	0	0	0	0	0
95	2	0	0	0	0	0
96	1	0	0	0	0	0
97	2	0	0	0	0	0
98	2	0	0	0	0	0
99	0	0	0	3	0	0
100	0	0	0	1	0	0
101	1	0	0	0	0	0
102	0	0	0	1	0	0
103	1	0	0	0	0	0
104	7	0	0	0	0	0
105	0	0	0	2	0	0
106	0	0	0	1	0	0
107	0	0	0	0	0	1
108	0	0	0	1	0	0
109	1	2	0	0	0	0
110	4	0	0	0	0	0
111	0	0	0	0	0	2
112	0	0	0	0	0	2
113	0	0	0	0	0	1
114	0	0	0	0	0	1
115	1	0	0	0	0	0
116	1	0	0	0	0	0
117	1	0	0	0	0	0
118	1	0	0	0	0	0
119	19	0	0	0	0	0
120	2	0	0	0	0	0
121	3	0	0	0	0	0
122	61	13	0	0	0	0
123	1	0	0	0	0	0
124	1	0	0	0	0	0
125	0	0	0	17	0	0
126	1	19	0	0	4	0
127	1	0	0	0	0	0
128	1	0	0	0	2	0
129	1	0	1	0	3	0
130	4	0	0	0	0	0
131	1	0	0	0	0	0
132	5	0	0	0	0	0
133	3	0	0	0	0	0
134	0	0	10	0	0	0
135	0	0	8	0	0	0
136	2	0	0	0	0	0
137	1	0	0	0	1	0
138	0	0	1	0	0	0
139	0	0	1	0	0	0
140	0	0	1	0	0	0
141	0	0	1	0	0	0
142	1	0	0	0	0	0
143	4	0	0	0	0	0
144	1	0	0	0	0	0
145	4	0	0	0	0	0
146	3	0	0	0	2	0
147	10	0	0	0	5	0
148	6	0	0	0	0	0
149	1	0	0	0	0	0
150	0	2	0	0	0	0
151	0	1	0	0	0	0
152	0	2	0	0	0	0
153	0	9	0	0	0	0
154	0	1	0	0	0	0
155	0	1	0	0	0	0
156	4	0	0	0	0	0
157	2	0	0	0	0	0
158	1	0	0	0	0	0
159	2	0	0	0	0	0
160	1	0	0	0	0	0
161	3	0	0	0	0	0
162	1	0	0	0	0	0
163	1	0	0	0	0	0
164	1	68	157	1	0	6
165	1	0	0	0	0	0
166	0	0	0	2	0	0
167	0	0	0	1	0	0
168	1	0	0	0	0	0
169	1	0	0	0	0	0
170	0	0	0	0	0	1
171	5	0	0	0	0	0
172	1	0	0	0	0	0
173	1	0	0	0	0	0
174	3	0	0	0	0	0
175	18	0	0	0	0	0
176	2	0	0	0	0	0
177	1	0	0	0	0	0
178	4	0	0	0	0	0
179	0	0	0	1	0	0
180	0	1	0	0	0	0
181	0	0	0	2	0	0
182	0	1	0	0	0	0
183	0	1	0	0	0	0
184	0	1	0	0	0	0
185	0	1	0	0	0	0
186	0	1	1	0	0	0
187	0	14	12	0	12	0
188	0	2	1	0	0	0
189	0	4	0	0	0	0
190	0	1	0	0	0	0
191	0	5	0	0	0	0
192	0	1	0	0	0	0
193	0	0	0	1	0	0
194	0	3	0	0	0	0
195	3	0	0	0	0	0
196	0	0	0	1	0	0
197	0	0	1	0	0	0
198	0	1	0	0	0	0
199	1	0	0	0	0	0
200	1	0	0	0	0	0
201	0	2	0	0	0	0
202	0	0	0	1	0	0
203	1	0	0	0	0	0
204	5	0	0	0	0	0
205	1	0	0	0	0	0
206	11	0	0	0	0	0
207	1	0	0	0	0	0
208	1	0	0	0	0	0
209	1	0	0	0	0	0
210	1	0	0	0	0	0
211	0	0	0	0	3	0
212	0	0	0	0	1	0
213	0	1	0	0	0	0
214	0	0	0	1	0	0
215	0	1	0	0	0	0
216	0	0	0	1	0	0
217	0	1	0	0	0	0
218	0	4	0	0	0	0
219	0	4	0	0	0	0
220	0	1	0	0	0	0
221	1	0	0	0	0	0
222	1	0	0	0	0	0
223	0	11	0	0	0	0
224	0	1	0	0	0	0
225	8	0	0	0	0	0
226	1	0	0	0	0	0
227	4	0	0	0	0	0
228	11	0	0	0	0	0
229	2	0	0	0	0	0
230	1	0	0	0	0	0
231	1	0	0	0	0	0
232	1	0	0	0	0	0
233	4	0	0	0	0	0
234	1	0	0	0	0	0
235	8	0	0	0	0	0
236	2	0	0	0	0	0
237	1	0	0	0	0	0
238	1	0	0	0	0	0
239	1	0	0	0	0	0
240	1	0	0	0	0	0
241	1	0	0	0	0	0
242	1	0	0	0	0	0
243	0	0	0	1	0	0
244	0	0	0	1	0	0
245	0	0	0	3	0	0
246	0	0	0	1	0	0
247	0	0	0	1	0	0
248	0	0	0	1	0	0
249	0	0	0	1	0	0
250	0	0	0	6	0	0
251	0	0	0	1	0	0
252	0	0	0	1	0	0
253	0	0	0	0	1	0
254	0	0	0	4	0	0
255	0	0	0	0	1	0
256	0	0	0	0	1	0
257	0	0	0	0	1	0
258	0	0	0	0	1	0
259	234	12	0	1	0	0
260	9	0	0	0	0	0
261	2	0	0	0	0	0
262	1	0	0	0	0	0
263	1	0	0	0	0	0
264	1	0	0	0	0	0
265	2	0	0	0	0	0
266	1	0	0	0	0	0
267	1	0	0	0	0	0
268	1	0	0	0	0	0
269	1	0	0	0	0	0
270	2	0	0	0	0	0
271	1	0	0	0	0	0
272	1	0	0	0	0	0
273	1	0	0	0	0	0
274	1	0	0	0	0	0
275	2	0	0	0	0	0
276	1	0	0	0	0	0
277	0	0	0	2	0	0
278	0	0	1	0	5	0
279	0	0	0	1	0	0
280	0	0	0	1	0	0
281	0	0	0	0	1	0
282	0	0	1	0	0	0
283	0	0	0	1	0	0
284	0	0	0	1	0	0
285	0	0	1	0	0	0
286	0	0	1	0	0	0
287	0	0	1	0	0	0
288	0	0	1	0	0	0
289	0	0	1	0	0	0
290	0	0	17	1	0	0
291	0	0	1	0	0	0
292	0	0	1	0	0	0
293	0	0	1	10	0	0
294	0	0	2	0	0	0
295	0	0	0	0	1	0
296	0	2	0	0	0	0
297	0	4	0	0	0	0
298	0	1	0	0	0	0
299	0	0	0	0	1	0
300	0	2	0	0	0	0
301	0	1	0	0	0	0
302	0	1	0	0	0	0
303	0	1	0	0	0	0
304	0	3	0	0	0	0
305	0	118	38	0	1	0
306	0	1	0	0	0	0
307	0	1	0	0	0	0
308	0	20	28	0	0	0
309	0	0	0	0	4	0
310	1	0	0	0	0	0
311	0	0	0	0	0	21
312	11	0	0	0	0	0
313	14	0	0	0	0	0
314	22	0	0	0	0	0
315	4	0	0	0	0	0
316	1	0	0	0	0	0
317	9	0	0	0	0	0
318	9	0	0	0	0	0
319	13	0	0	0	0	0
320	3	0	0	0	0	0
321	1	0	0	0	0	0
322	13	0	0	0	0	0
323	36	0	0	0	0	0
324	1	0	0	0	0	0
325	1	0	0	0	0	0
326	3	0	0	0	0	0
327	1	0	0	0	0	0
328	6	0	0	0	0	0
329	4	0	0	0	5	0
330	143	0	0	0	0	0
331	7	0	0	0	0	0
332	1	0	0	0	0	0
333	24	0	0	0	0	0
334	1	0	0	0	0	0
335	7	0	0	0	0	0
336	0	0	1	0	0	0
337	14	0	0	0	0	0
338	4	0	0	0	0	0
339	1	0	0	0	0	0
340	1	0	0	0	0	0
341	1	106	57	2	0	4
342	1	63	80	0	4	8
343	1	0	0	0	0	0
344	1	0	0	0	0	0
345	1	0	0	0	0	0
346	13	3	0	0	0	0
347	0	0	1	0	0	0
348	0	0	1	0	0	0
349	0	0	1	0	0	0
350	0	0	2	0	0	0
351	0	0	13	0	0	0
352	0	3	0	0	0	0
353	1	0	0	0	0	0
354	2	0	0	0	0	0
355	0	0	0	2	0	0
356	0	19	0	0	0	0
357	0	0	0	1	0	0
358	0	1	0	0	0	0
359	0	0	0	0	1	0
360	0	0	0	0	0	1
361	0	0	0	0	0	2
362	0	0	0	1	0	0
363	1	0	0	0	0	0
364	1	0	0	0	0	0
365	0	3	0	0	0	0
366	0	2	0	0	0	0
367	0	0	0	2	0	0
368	2	0	0	0	0	0
369	3	0	0	0	0	0
370	3	0	0	0	0	0
371	1	0	0	0	0	0
372	9	0	0	0	0	0
373	1	0	0	0	0	0
374	1	0	0	0	0	0
375	1	0	0	0	0	0
376	0	0	0	1	0	0
377	0	1	0	0	0	0
378	0	15	0	0	0	0
379	0	0	0	0	3	0
380	0	1	0	0	0	0
381	0	36	0	0	0	0
382	0	2	0	0	0	0
383	0	4	0	0	0	0
384	0	1	0	0	0	0
385	1	0	0	0	0	0
386	0	3	0	0	0	0
387	0	7	0	0	0	0
388	2	0	0	0	0	0
389	2	0	0	0	0	0
390	2	0	0	0	0	0
391	1	0	0	0	0	0
392	18	0	0	0	0	0
393	11	0	0	0	0	0
394	1	0	0	0	0	0
395	1	0	0	0	0	0
396	1	0	0	0	0	0
397	1	0	0	0	0	0
398	2	0	0	0	0	0
399	1	0	0	0	0	0
400	1	0	0	0	0	0
401	2	0	0	0	0	0
402	1	0	0	0	0	0
403	1	0	0	0	0	0
404	0	1	0	0	0	0
405	0	1	0	0	0	0
406	0	1	0	0	0	0
407	0	2	0	0	0	0
408	0	1	0	0	0	0
409	0	1	0	0	0	0
410	0	1	0	0	0	0
411	0	1	0	0	0	0
412	0	0	0	0	1	0
413	0	1	0	0	0	0
414	0	1	0	0	0	0
415	5	0	0	0	0	0
416	1	0	0	0	0	0
417	1	0	0	0	0	0
418	2	0	0	0	0	0
419	1	0	0	0	0	0
420	1	0	0	0	0	0
421	1	0	0	0	0	0
422	3	0	0	0	0	0
423	1	0	0	0	0	0
424	5	0	0	0	0	0
425	9	0	0	0	0	0
426	0	0	0	1	0	0
427	0	0	0	1	0	0
428	0	0	0	3	0	0
429	0	0	0	1	0	0
430	0	0	0	3	0	0
431	0	0	0	5	0	0
432	1	0	0	0	0	0
433	1	0	0	0	0	0
434	4	0	0	0	0	0
435	2	0	0	0	0	0
436	3	0	0	0	0	0
437	39	0	0	0	0	0
438	1	0	0	0	0	0
439	2	0	0	0	0	0
440	1	0	0	0	0	0
441	6	0	0	0	0	0
442	4	0	0	0	0	0
443	2	0	0	0	0	0
444	1	0	0	0	0	0
445	0	0	0	0	1	0
446	0	0	1	0	0	0
447	0	0	1	0	0	0
448	0	0	2	0	0	0
449	1	0	0	0	0	0
450	1	0	0	0	0	0
451	0	0	2	0	0	0
452	0	0	0	1	0	0
453	0	0	0	1	0	0
454	1	0	0	0	0	0
455	1	0	0	0	0	0
456	2	0	0	0	0	0
457	1	0	0	0	0	0
458	1	0	0	0	0	0
459	2	0	0	0	0	0
460	1	0	0	0	0	0
461	2	1	0	0	0	0
462	1	0	0	0	0	0
463	3	0	0	0	0	0
464	1	0	0	0	0	0
465	1	0	0	0	0	0
466	0	124	1	0	0	0
467	0	6	26	0	0	0
468	0	63	0	0	0	0
469	0	193	97	2	2	0
470	9	0	0	0	0	0
471	1	0	0	0	0	0
472	31	0	0	0	0	0
473	6	0	0	0	0	0
474	9	0	0	0	0	0
475	2	0	0	0	0	0
476	2	0	0	0	0	0
477	4	0	0	0	0	0
478	0	0	0	1	0	0
479	0	0	1	0	0	0
480	4	0	0	0	0	0
481	2	0	0	0	0	0
482	25	0	0	0	0	0
483	1	0	0	0	0	0
484	1	0	0	0	0	0
485	1	0	0	0	0	0
486	1	0	0	0	0	0
487	1	0	0	0	0	0
488	1	0	0	0	0	0
489	1	0	0	0	0	0
490	0	0	1	4	0	0
491	0	7	0	0	0	0
492	0	0	1	0	0	0
493	0	0	1	0	0	0
494	0	0	14	0	0	0
495	0	0	1	0	0	0
496	0	0	1	0	0	0
497	0	3	0	0	0	0
498	0	0	0	1	0	0
499	0	2	0	0	0	0
500	1	0	0	0	0	0
501	0	0	1	0	0	0
502	1	0	0	0	0	0
503	1	0	0	0	0	0
504	1	0	0	0	0	0
505	4	0	0	0	0	0
506	1	0	0	0	0	0
507	2	0	0	0	0	0
508	1	0	0	0	0	0
509	1	0	0	0	0	0
510	0	1	0	0	0	0
511	0	1	0	0	0	0
512	1	0	0	0	0	0
513	1	0	0	0	0	0
514	0	0	0	3	0	0
515	0	12	0	0	0	0
516	0	1	0	0	0	0
517	0	0	0	1	0	0
518	0	0	0	1	0	0
519	0	1	0	0	0	0
520	0	0	0	1	0	0
521	0	1	0	0	0	0
522	0	0	0	1	0	0
523	0	0	0	3	1	0
524	0	0	0	5	0	0
525	0	1	0	0	0	0
526	0	0	0	4	0	0
527	0	0	0	0	0	1
528	3	0	0	0	0	0
529	6	0	0	0	0	0
530	1	0	0	0	0	0
531	3	0	0	0	0	0
532	2	0	0	0	0	0
533	3	0	0	0	0	0
534	10	0	0	0	0	0
535	9	0	0	0	0	0
536	4	2	0	0	0	0
537	32	0	0	0	0	0
538	0	1	0	0	0	0
539	0	1	0	0	0	0
540	0	1	0	0	0	0
541	0	1	0	0	1	0
542	0	1	0	0	0	0
543	0	1	0	0	0	0
544	0	1	0	0	0	0
545	0	0	2	0	0	0
546	0	1	0	0	0	0
547	0	0	0	0	0	1
548	0	1	0	0	0	0
549	0	1	0	0	0	0
550	0	2	2	0	0	0
551	0	1	0	0	0	0
552	0	1	0	0	0	0
553	0	3	0	0	0	0
554	0	2	0	0	0	0
555	0	1	0	0	0	0
556	0	0	1	0	0	0
557	1	0	0	0	0	0
558	0	1	0	0	0	0
559	0	0	0	5	0	0
560	0	0	0	1	0	0
561	0	0	1	0	0	0
562	0	5	1	0	0	0
563	0	0	2	0	0	0
564	0	1	0	1	0	0
565	2	0	0	0	0	0
566	1	0	0	0	0	0
567	2	0	0	0	0	0
568	1	0	0	0	0	0
569	1	0	0	0	0	0
570	1	0	0	0	0	0
571	1	0	0	0	0	0
572	1	0	0	0	0	0
573	0	0	0	0	0	47
574	17	0	0	0	0	0
575	1	0	0	0	0	0
576	0	1	0	0	0	0
577	4	0	0	0	0	0
578	6	0	0	0	0	0
579	1	0	0	0	0	0
580	2	0	0	0	0	0
581	1	0	0	0	0	0
582	4	0	0	0	0	0
583	4	0	0	0	0	0
584	5	0	0	0	0	0
585	3	0	0	0	0	0
586	2	0	0	0	0	0
587	0	1	0	0	0	0
588	0	4	0	0	0	0
589	0	0	1	0	0	0
590	2	0	0	0	0	0
591	1	0	0	0	0	0
592	1	0	0	0	0	0
593	1	0	0	0	0	0
594	1	0	0	0	0	0
595	17	0	0	0	0	0
596	2	0	0	0	0	0
597	1	0	0	0	0	0
598	0	1	0	0	0	0
599	1	0	0	0	0	0
600	6	0	0	0	0	0
601	1	0	1	0	0	0
602	0	0	0	1	0	0
603	0	0	0	7	0	0
604	0	0	0	8	0	0
605	0	0	0	1	0	0
606	0	0	0	3	0	0
607	0	0	0	1	0	0
608	0	0	0	1	0	0
609	0	0	0	1	0	0
610	0	0	0	4	0	0
611	0	0	0	1	0	0
612	0	0	0	0	0	26
613	0	2	0	0	0	0
614	0	2	0	0	0	0
615	0	0	0	1	0	0
616	0	0	0	1	0	0
617	0	0	0	1	0	0
618	0	0	0	2	0	0
619	0	0	0	1	0	0
620	0	0	0	1	0	0
621	0	1	0	0	0	0
622	0	2	0	0	0	0
623	0	1	0	0	0	0
624	0	1	0	0	0	0
625	0	2	0	0	0	0
626	0	1	0	0	0	0
627	0	1	0	0	0	0
628	0	2	0	0	0	0
629	0	1	0	0	0	0
630	0	1	0	0	0	0
631	0	0	0	0	1	0
632	0	4	0	0	0	0
633	0	1	0	0	0	0
634	0	1	0	1	0	0
635	0	1	0	0	0	0
636	0	1	0	0	0	0
637	0	1	0	0	0	0
638	0	1	0	0	0	0
639	0	2	0	0	0	0
640	0	1	0	0	0	0
641	0	24	0	1	0	0
642	0	26	3	1	0	0
643	2	0	0	0	0	0
644	2	0	0	0	0	0
645	1	0	0	0	0	0
646	3	0	0	0	0	0
647	1	0	0	0	0	0
648	1	0	0	0	0	0
649	1	0	0	0	0	0
650	1	0	0	0	0	0
651	1	0	0	0	0	0
652	1	0	0	0	0	0
653	1	0	0	0	0	0
654	18	0	0	0	0	0
655	2	0	0	0	0	0
656	0	0	0	1	0	0
657	0	1	0	0	0	0
658	0	0	0	1	0	0
659	0	0	0	1	0	0
660	0	0	2	0	0	0
661	0	0	1	0	0	0
662	0	0	0	1	0	0
663	0	1	0	0	0	0
664	0	0	0	1	0	0
665	0	0	0	20	0	0
666	1	0	0	0	0	0
667	1	0	0	0	0	0
668	1	0	0	0	0	0
669	2	0	0	0	0	0
670	1	0	0	0	0	0
671	1	0	0	0	0	0
672	4	0	0	0	0	0
673	4	0	0	0	0	0
674	2	0	0	0	0	0
675	1	0	0	0	0	0
676	0	1	0	0	0	0
677	0	0	0	1	0	0
678	0	0	0	1	0	0
679	0	0	0	1	0	0
680	0	0	0	0	1	0
681	0	0	0	7	0	0
682	1	0	0	0	0	0
683	1	0	0	0	0	0
684	1	0	0	0	0	0
685	1	0	0	0	0	0
686	1	1	0	0	0	0
687	1	0	0	0	0	0
688	1	0	0	0	0	0
689	1	0	0	0	0	0
690	0	0	1	0	0	0
691	1	0	0	0	0	0
692	0	0	1	0	0	0
693	0	0	3	0	0	0
694	1	0	0	0	0	0
695	5	1	0	1	0	0
696	0	3	0	0	0	0
697	1	0	0	0	0	0
698	2	0	30	0	0	0
699	1	0	0	0	1	0
700	0	0	0	0	0	1
701	1	0	0	0	0	0
702	1	0	0	0	0	0
703	4	0	0	0	0	0
704	1	0	0	0	0	0
705	1	0	0	0	0	0
706	10	0	0	0	0	0
707	1	0	0	0	0	0
708	1	0	0	0	0	0
709	0	0	0	0	2	0
710	0	1	0	0	0	0
711	0	0	1	0	0	0
712	0	0	0	2	0	0
713	0	0	0	0	1	0
714	1	0	0	0	0	0
715	0	0	0	3	0	0
716	0	1	0	0	0	0
717	0	1	0	0	0	0
718	0	2	0	0	0	0
719	1	0	0	0	0	0
720	0	1	0	0	0	0
721	0	1	0	0	0	0
722	0	1	0	0	0	0
723	0	1	0	0	0	0
724	0	1	0	0	0	0
725	0	1	0	0	0	0
726	0	2	0	0	0	0
727	0	0	0	1	0	0
728	1	0	0	0	0	0
729	0	5	0	0	0	0
730	2	0	0	0	0	0
731	1	0	0	0	0	0
732	1	0	0	0	0	0
733	1	0	0	0	0	0
734	1	0	0	0	0	0
735	1	0	0	0	0	0
736	4	0	0	0	0	0
737	1	0	0	0	0	0
738	1	0	0	0	0	0
739	4	0	0	0	0	0
740	0	0	13	0	0	0
741	0	0	0	0	4	0
742	0	0	0	1	0	0
743	0	0	15	0	0	0
744	0	1	0	0	0	0
745	1	0	0	0	0	0
746	5	0	0	0	0	0
747	1	0	0	0	0	0
748	10	0	0	0	0	0
749	1	0	0	0	0	0
750	1	0	0	0	0	0
751	1	0	0	0	0	0
752	1	0	0	0	0	0
753	2	0	0	0	0	0
754	3	0	0	0	0	0
755	0	1	0	1	0	0
756	0	1	0	0	0	0
757	0	3	0	0	0	0
758	0	1	0	0	0	0
759	0	2	0	0	0	0
760	0	1	0	0	0	0
761	0	3	0	1	0	0
762	0	7	0	2	0	0
763	0	1	0	0	0	0
764	0	1	0	0	0	0
765	0	0	0	0	1	0
766	0	1	0	0	0	0
767	0	0	0	0	3	0
768	0	0	0	0	0	2
769	1	0	0	0	0	0
770	2	0	0	0	0	0
771	1	0	0	0	0	0
772	1	0	0	0	0	0
773	1	0	0	0	0	0
774	1	0	0	0	0	0
775	1	0	0	0	0	0
776	1	0	0	0	0	0
777	1	0	0	0	0	0
778	1	0	0	0	0	0
779	1	0	0	0	0	0
780	1	0	0	0	0	0
781	1	0	1	62	0	0
782	1	0	0	0	0	0
783	3	0	0	0	0	0
784	2	0	0	0	0	0
785	1	0	0	0	0	0
786	1	0	0	0	0	0
787	1	0	0	0	0	0
788	8	0	0	0	0	0
789	3	0	0	0	0	0
790	2	0	0	0	0	0
791	2	0	0	0	0	0
792	1	0	0	0	0	0
793	2	0	0	0	0	0
794	7	0	0	0	0	0
795	2	0	0	0	0	0
796	4	0	0	0	0	0
797	1	0	0	0	0	0
798	0	0	0	0	7	0
799	1	0	0	0	0	0
800	0	0	2	0	0	0
801	0	1	0	0	0	0
802	0	2	3	0	0	0
803	0	12	0	44	0	0
804	0	1	0	0	0	0
805	0	1	2	0	0	0
806	0	1	0	0	0	0
807	58	0	0	0	0	0
808	22	0	0	0	0	0
809	3	0	0	0	0	0
810	2	0	0	0	0	0
811	1	0	0	0	0	0
812	1	1	0	1	0	0
813	35	0	0	0	0	0
814	2	0	0	0	0	0
815	31	0	0	0	0	0
816	1	0	0	0	0	0
817	0	4	0	0	0	0
818	0	2	0	0	0	0
819	0	1	0	0	0	0
820	0	13	0	0	0	0
821	1	0	0	0	0	0
822	1	0	0	0	0	0
823	0	3	0	0	0	0
824	0	1	0	0	0	0
825	4	0	0	0	0	0
826	1	0	0	0	0	0
827	3	0	0	0	0	0
828	1	0	0	0	0	0
829	2	0	0	0	0	0
830	1	0	0	0	0	0
831	1	0	0	0	0	0
832	1	0	0	0	0	0
833	0	0	1	0	0	0
834	1	0	0	0	0	0
835	1	0	0	0	0	0
836	18	0	0	1	0	0
837	2	0	0	0	0	0
838	1	0	0	0	0	0
839	1	0	0	0	0	0
840	2	0	0	0	0	0
841	6	0	0	0	0	0
842	2	0	0	0	0	0
843	1	0	0	0	0	0
844	0	0	7	0	0	0
845	0	0	1	0	0	0
846	0	0	1	0	0	0
847	0	0	1	0	0	0
848	0	0	1	0	0	0
849	0	0	1	0	0	0
850	0	0	1	2	0	0
851	0	0	1	0	0	0
852	0	0	0	1	0	0
853	0	0	1	0	0	0
854	0	0	1	0	0	0
855	0	0	1	0	0	0
856	0	0	0	1	0	0
857	0	0	0	1	0	0
858	0	0	0	1	0	0
859	0	0	0	1	0	0
860	0	0	0	1	0	0
861	0	0	1	0	0	0
862	0	0	0	1	0	0
863	0	0	0	1	0	0
864	0	0	0	0	1	0
865	0	0	1	0	0	0
866	0	0	1	0	0	0
867	0	0	0	1	0	0
868	0	0	0	1	0	0
869	0	0	1	0	0	0
870	0	0	0	1	0	0
871	0	0	0	1	0	0
872	0	0	0	1	0	0
873	1	0	0	0	0	0
874	0	1	0	0	0	0
875	0	3	0	0	0	0
876	0	3	3	0	0	0
877	0	1	0	0	0	0
878	0	39	11	0	0	0
879	0	1	0	0	0	0
880	0	1	0	0	0	0
881	0	2	0	0	0	0
882	0	1	0	0	0	0
883	0	1	0	0	0	0
884	0	0	0	1	0	0
885	0	0	0	1	0	0
886	213	0	0	0	0	0
887	0	0	0	2	0	0
888	0	0	0	1	0	0
889	0	0	1	0	0	0
890	0	0	22	0	0	0
891	0	0	2	0	0	0
892	0	0	1	0	0	0
893	0	0	3	0	0	0
894	0	1	0	0	0	0
895	0	0	1	0	0	0
896	0	0	1	11	0	0
897	0	0	1	0	0	0
898	0	0	7	0	0	0
899	0	0	0	1	0	0
900	0	1	0	0	0	0
901	0	0	0	1	0	0
902	0	0	0	1	0	0
903	0	1	0	0	0	0
904	0	0	0	0	1	0
905	0	0	0	1	0	0
906	0	1	0	0	0	0
907	0	0	0	1	0	0
908	0	0	0	1	0	0
909	1	0	0	0	0	0
910	1	0	0	0	0	0
911	1	0	0	0	0	0
912	1	0	0	0	0	0
913	1	0	0	0	0	0
914	1	0	0	0	0	0
915	1	0	0	0	0	0
916	2	0	0	0	0	0
917	0	1	0	0	0	0
918	0	1	0	0	0	0
919	0	1	0	0	0	0
920	0	2	0	0	0	0
921	0	3	0	1	0	0
922	0	2	0	0	0	0
923	1	0	0	0	0	0
924	1	0	0	0	0	0
925	3	0	0	0	0	0
926	1	0	0	0	0	0
927	11	0	0	0	0	0
928	9	0	0	0	0	0
929	1	0	0	0	0	0
930	1	0	0	0	0	0
931	2	0	0	0	0	0
932	1	0	0	0	0	0
933	0	1	0	0	0	0
934	0	1	0	0	0	0
935	0	1	0	1	0	0
936	0	2	4	0	0	0
937	0	3	0	0	0	0
938	0	1	0	0	0	0
939	4	0	0	0	0	0
940	1	0	0	0	0	0
941	0	0	1	0	0	0
942	0	0	1	2	0	0
943	0	0	0	1	0	0
944	0	0	0	0	1	0
945	0	0	0	1	0	0
946	0	0	0	1	0	0
947	0	0	0	1	0	0
948	0	0	0	1	0	0
949	0	0	0	2	0	0
950	0	0	0	1	0	0
951	0	0	0	1	0	0
952	0	0	0	1	0	0
953	0	0	0	2	0	0
954	0	0	0	1	0	0
955	1	0	0	0	0	0
956	1	0	0	0	0	0
957	0	0	0	1	0	0
958	9	0	0	0	0	0
959	1	0	0	0	0	0
960	2	0	0	0	0	0
961	2	0	0	0	0	0
962	2	0	0	0	0	0
963	1	0	0	0	0	0
964	1	0	0	0	0	0
965	2	0	0	0	0	0
966	1	0	0	0	0	0
967	0	0	0	1	0	0
968	0	0	0	1	0	0
969	0	0	0	1	0	0
970	0	0	0	3	0	0
971	0	12	0	0	8	0
972	0	1	0	0	1	0
973	0	0	0	1	0	0
974	0	0	0	1	0	0
975	0	4	0	0	0	0
976	0	1	0	0	0	0
977	0	1	1	0	0	0
978	0	3	0	0	0	0
979	0	1	0	0	0	0
980	0	1	0	0	0	0
981	0	1	0	0	0	0
982	0	3	0	0	0	0
983	8	0	0	0	0	0
984	4	0	0	0	0	0
985	1	0	0	0	0	0
986	3	0	0	0	0	0
987	6	0	0	0	0	0
988	1	0	0	0	0	0
989	2	0	0	0	0	0
990	1	0	0	0	0	0
991	0	0	0	1	0	0
992	0	0	0	2	0	0
993	8	0	0	0	0	0
994	7	0	0	0	0	0
995	0	3	0	0	0	0
996	4	1	0	82	0	1
997	2	0	0	0	0	0
998	0	0	0	0	1	0
999	1	0	0	0	0	0
1000	6	0	0	0	0	0
1001	1	0	0	0	0	0
1002	3	0	0	0	0	0
1003	1	0	0	0	0	0
1004	2	0	0	0	0	0
1005	1	0	0	0	0	0
1006	1	0	0	0	0	0
1007	1	0	0	0	0	0
1008	1	0	0	0	0	0
1009	1	0	0	0	0	0
1010	2	0	0	0	2	0
1011	2	0	0	0	0	0
1012	2	0	0	0	0	0
1013	1	0	0	0	0	0
1014	2	0	0	0	0	0
1015	2	0	0	0	0	0
1016	2	0	0	0	0	0
1017	0	0	1	0	0	0
1018	0	1	0	0	0	0
1019	0	0	8	0	0	0
1020	0	0	2	0	0	0
1021	0	0	0	0	4	0
1022	0	2	0	0	0	0
1023	0	0	1	0	0	0
1024	0	0	1	0	0	0
1025	0	0	1	0	0	0
1026	0	0	2	1	0	0
1027	0	0	1	0	0	0
1028	0	2	0	0	0	0
1029	0	0	1	0	0	0
1030	0	0	2	0	0	0
1031	1	0	0	0	0	0
1032	2	0	0	0	0	0
1033	2	0	0	0	0	0
1034	1	0	0	0	0	0
1035	1	0	0	0	0	0
1036	1	0	0	0	0	0
1037	2	0	0	0	0	0
1038	1	0	0	0	0	0
1039	0	1	0	0	0	0
1040	4	0	0	0	0	0
1041	1	0	0	0	0	0
1042	0	19	0	0	0	0
1043	0	0	0	0	2	0
1044	0	1	0	0	0	0
1045	0	0	0	0	1	0
1046	0	1	0	0	0	0
1047	0	0	4	0	0	0
1048	13	0	0	0	0	0
1049	1	0	0	10	0	0
1050	2	0	0	0	0	0
1051	0	0	3	0	0	0
1052	0	0	1	0	0	0
1053	5	0	0	0	0	0
1054	7	0	0	0	0	0
1055	2	3	0	0	0	0
1056	1	0	0	0	0	0
1057	3	0	0	0	0	0
1058	1	0	0	0	0	0
1059	1	0	0	0	0	0
1060	1	0	0	0	0	0
1061	1	0	0	0	0	0
1062	4	0	0	0	0	0
1063	0	1	0	0	0	0
1064	2	0	0	0	0	0
1065	2	0	0	0	0	0
1066	1	0	0	0	0	0
1067	2	0	0	0	0	0
1068	1	0	0	0	0	0
1069	2	0	0	0	0	0
1070	1	0	0	0	0	0
1071	1	0	0	0	0	0
1072	0	0	8	0	0	0
1073	0	22	0	0	0	0
1074	0	0	0	3	0	0
1075	0	45	0	0	0	0
1076	0	2	0	0	0	0
1077	0	1	0	0	0	0
1078	0	1	0	0	0	0
1079	0	1	0	0	0	0
1080	0	7	0	0	0	0
1081	0	1	0	0	0	0
1082	0	3	0	0	0	0
1083	0	1	0	0	0	0
1084	0	3	0	0	0	0
1085	0	0	0	1	0	0
1086	0	2	0	0	0	0
1087	0	21	1	0	0	0
1088	0	1	1	0	0	0
1089	0	3	0	0	0	0
1090	0	18	0	0	0	0
1091	0	0	0	0	1	0
1092	0	1	0	0	0	0
1093	0	0	0	0	1	0
1094	0	0	0	0	4	0
1095	0	0	1	0	0	0
1096	0	0	0	1	0	0
1097	0	0	0	1	0	0
1098	0	0	0	1	0	0
1099	0	0	0	0	1	0
1100	0	0	0	0	66	0
1101	0	0	0	4	0	0
1102	0	0	0	0	1	0
1103	0	0	0	1	0	0
1104	0	0	0	4	0	0
1105	0	0	0	0	1	0
1106	0	0	0	1	0	0
1107	0	0	0	0	8	0
1108	1	0	0	0	0	0
1109	1	0	0	0	0	0
1110	0	12	26	2	0	0
1111	0	1	0	0	0	0
1112	0	1	0	0	0	0
1113	0	3	0	0	0	0
1114	0	2	0	0	0	0
1115	0	4	8	0	0	0
1116	2	0	0	0	0	0
1117	2	0	0	0	0	0
1118	1	0	0	0	0	0
1119	1	0	0	0	0	0
1120	1	0	0	0	0	0
1121	1	0	0	0	0	0
1122	1	0	0	0	0	0
1123	1	0	0	0	0	0
1124	0	3	0	0	0	0
1125	1	0	0	0	0	0
1126	4	0	0	0	0	0
1127	2	0	0	0	0	0
1128	4	0	0	0	0	0
1129	1	0	0	0	0	0
1130	1	0	0	0	0	0
1131	1	0	0	0	0	0
1132	2	0	0	0	0	0
1133	3	0	0	0	0	0
1134	1	0	0	0	0	0
1135	0	0	0	1	0	0
1136	0	0	0	1	0	0
1137	0	0	0	1	0	0
1138	0	0	0	1	0	0
1139	0	0	0	1	0	0
1140	0	0	0	1	0	0
1141	0	0	0	3	0	0
1142	0	0	0	1	0	0
1143	0	0	0	0	1	0
1144	0	0	0	7	0	0
1145	0	0	0	0	3	0
1146	0	0	0	1	0	0
1147	0	0	0	1	0	0
1148	1	0	0	0	0	0
1149	0	0	0	0	1	0
1150	0	0	0	44	0	0
1151	0	7	0	1	0	0
1152	0	1	0	0	0	0
1153	0	1	0	0	0	0
1154	1	0	0	0	0	0
1155	0	1	0	0	0	0
1156	0	1	0	0	0	0
1157	0	1	0	0	0	0
1158	0	1	0	0	0	0
1159	0	0	0	1	0	0
1160	0	0	0	1	0	0
1161	0	0	0	0	11	0
1162	0	1	0	0	0	0
1163	0	9	0	1	0	0
1164	2	0	0	0	0	0
1165	1	0	0	0	0	0
1166	1	0	0	0	0	0
1167	9	0	0	0	0	0
1168	1	0	0	0	0	0
1169	1	0	0	0	0	0
1170	1	0	0	0	0	0
1171	1	0	0	0	0	0
1172	1	0	0	0	0	0
1173	1	0	0	0	0	0
1174	0	0	0	0	1	0
1175	0	0	0	0	11	0
1176	1	0	0	0	0	0
1177	1	0	0	0	0	0
1178	0	0	0	0	1	0
1179	0	0	0	0	1	0
1180	0	0	0	0	1	0
1181	0	0	0	0	3	0
1182	0	0	11	0	0	0
1183	0	0	0	1	0	0
1184	0	64	0	0	0	0
1185	1	0	0	0	0	0
1186	0	3	0	0	0	0
1187	0	2	2	0	0	0
1188	0	0	1	0	0	0
1189	4	0	0	0	0	0
1190	0	0	0	0	4	0
1191	1	0	0	0	0	0
1192	8	0	0	0	0	0
1193	1	0	0	0	0	0
1194	1	0	0	0	0	0
1195	1	0	0	0	0	0
1196	1	0	0	0	0	0
1197	2	0	0	0	0	0
1198	8	0	0	0	0	0
1199	11	0	0	0	0	0
1200	3	0	0	0	0	0
1201	0	0	0	1	0	0
1202	0	1	0	0	0	0
1203	0	0	0	1	0	0
1204	0	0	0	1	0	0
1205	22	0	0	0	0	0
1206	0	0	0	1	0	0
1207	0	0	0	1	0	0
1208	0	1	0	0	0	0
1209	0	0	0	1	0	0
1210	0	0	0	1	0	0
1211	0	0	0	0	1	0
1212	0	0	0	0	1	0
1213	0	0	0	0	1	0
1214	0	0	0	0	3	0
1215	1	0	0	0	0	0
1216	1	0	0	0	0	0
1217	1	0	0	0	0	0
1218	1	0	0	0	0	0
1219	1	0	0	0	0	0
1220	2	0	0	0	0	0
1221	3	0	0	0	0	0
1222	4	0	0	0	0	0
1223	35	0	0	0	0	0
1224	1	0	0	0	0	0
1225	0	0	1	0	0	0
1226	0	0	0	0	1	0
1227	1	0	0	0	0	0
1228	1	0	0	0	0	0
1229	3	0	0	0	0	0
1230	1	0	0	0	0	0
1231	1	0	0	0	0	0
1232	1	0	0	0	0	0
1233	1	0	0	0	0	0
1234	2	0	0	0	0	0
1235	1	0	0	0	0	0
1236	1	0	0	0	0	0
